S.no., ECG1+, ECG1-, ECG2+, ECG2-, ECG3+, ECG3-, ECG4+, ECG4-, ECG5+, ECG5-, ECG6+, ECG6-, ECG7+, ECG7-, ECG8+, ECG8-, ECG9+, ECG9-, ECG10+, ECG10-, ECG11+, ECG11-, ECG12+, ECG12-, ECG13+, ECG13-, ECG14+, ECG14-, ECG15+, ECG15-, ECG16+, ECG16-, ECG17+, ECG17-, ECG18+, ECG18-, ECG19+, ECG19-, ECG20+, ECG20-, ECG21+, ECG21-, ECG22+, ECG22-, ECG23+, ECG23-, ECG24+, ECG24-, ECG25+, ECG25-, ECG26+, ECG26-, ECG27+, ECG27-, ECG28+, ECG28-, ECG29+, ECG29-, ECG30+, ECG30-, ECG31+, ECG31-, ECG32+, ECG32-, ECG33+, ECG33-, ECG34+, ECG34-, ECG35+, ECG35-, ECG36+, ECG36-, ECG37+, ECG37-, ECG38+, ECG38-, ECG39+, ECG39-, ECG40+, ECG40-, ECG41+, ECG41-, ECG42+, ECG42-, ECG43+, ECG43-, ECG44+, ECG44-, ECG45+, ECG45-, ECG46+, ECG46-, ECG47+, ECG47-, ECG48+, ECG48-, ECG49+, ECG49-, ECG50+, ECG50-, ECG51+, ECG51-, ECG52+, ECG52-, ECG53+, ECG53-, ECG54+, ECG54-, ECG55+, ECG55-, ECG56+, ECG56-, ECG57+, ECG57-, ECG58+, ECG58-, ECG59+, ECG59-, ECG60+, ECG60-, ECG61+, ECG61-, ECG62+, ECG62-, ECG63+, ECG63-, ECG64+, ECG64-, ECG65+, ECG65-, ECG66+, ECG66-, ECG67+, ECG67-, ECG68+, ECG68-, ECG69+, ECG69-, ECG70+, ECG70-, Label
1,-0.11252183,-2.8272038,-3.7738969,-4.3497511,-4.376041,-3.4749863,-2.1814082,-1.8182865,-1.2505219,-0.47749208,-0.36380791,-0.49195659,-0.42185509,-0.30920086,-0.4959387,-0.34211867,-0.35533627,-0.36791303,-0.31650279,-0.41237405,-0.47167181,-0.41345783,-0.36461703,-0.44929829,-0.47141866,-0.42477658,-0.46251673,-0.55247236,-0.47537519,-0.6942,-0.7018681,-0.59381178,-0.66068415,-0.71383066,-0.76980688,-0.67228161,-0.65367605,-0.63940562,-0.55930228,-0.59167032,-0.49322332,-0.46305183,-0.30164382,-0.23273401,-0.12505488,-0.15394314,-0.024357404,-0.065608758,0.034999258,0.061935219,0.07119542,0.12392505,0.10312371,0.22522849,0.12868305,0.30248315,0.25727621,0.19635161,0.17938297,0.24472863,0.34121687,0.32820441,0.40604169,0.44660507,0.42406823,0.48151204,0.4778438,0.62408259,0.57458456,0.59801319,0.5645919,0.607979,0.62063457,0.65625291,0.68474806,0.69427284,0.66558377,0.57579577,0.63813479,0.61491695,0.56908343,0.46857572,0.44281777,0.46827436,0.43249295,0.40795792,0.41862256,0.36253075,0.41095901,0.47166633,0.37216676,0.33787543,0.22140511,0.27399747,0.29866408,0.26356357,0.34256352,0.41950529,0.58660736,0.86062387,1.1733446,1.2581791,1.4337887,1.7005334,1.9990431,2.1253411,1.9932907,1.9322463,1.7974367,1.5222839,1.2511679,0.99873034,0.48372242,0.023132292,-0.19491383,-0.22091729,-0.24373668,-0.25469462,-0.29113555,-0.25649034,-0.22787425,-0.32242276,-0.28928586,-0.31816951,-0.36365359,-0.39345584,-0.26641886,-0.25682316,-0.28869399,-0.16233755,0.16034772,0.79216787,0.93354122,0.79695779,0.57862066,0.2577399,0.22807718,0.12343082,0.92528624,0.19313742,1
2,-1.1008778,-3.9968398,-4.2858426,-4.5065789,-4.0223767,-3.2343676,-1.5661258,-0.99225766,-0.75467971,0.042321173,0.14895093,0.18352707,0.29487608,0.19023267,0.235575,0.25348712,0.2217424,0.050233259,0.17804214,0.13956318,0.046794433,0.043007139,0.10654432,0.012654003,0.0039948539,0.045724179,-0.045999362,-0.072666959,-0.071077909,-0.15386649,-0.22725443,-0.2492697,-0.25348935,-0.33283516,-0.26432996,-0.34582525,-0.31078107,-0.33415978,-0.30617791,-0.17456252,-0.20616017,-0.22447967,-0.048683931,-0.019621159,0.094805186,0.11678639,0.18518592,0.23052577,0.13802707,0.24442554,0.27169477,0.25900331,0.26920166,0.12706463,0.20207339,0.25598343,0.15311526,0.21021583,0.19108187,0.19092702,0.21051006,0.20710764,0.20488835,0.20086474,0.34691963,0.3480019,0.25453726,0.33197465,0.3566903,0.34992982,0.43037963,0.46750163,0.48606309,0.4031884,0.47895569,0.39739177,0.46412003,0.45179539,0.36136121,0.3798309,0.34278528,0.39910656,0.3875084,0.25570346,0.28403408,0.28499257,0.25010809,0.17303626,0.14942257,0.141685,0.22226096,0.17284705,0.15077932,0.17656601,0.28094204,0.48993901,0.66088884,0.8931933,1.0269972,1.2023937,1.5574096,1.8084277,2.1643459,2.0707467,1.9036136,1.7644552,1.5077694,1.2934277,0.89456215,0.57801575,0.24434305,-0.28644345,-0.51588134,-0.73270694,-0.83246547,-0.80331806,-0.83625248,-0.77786456,-0.77475301,-0.73340394,-0.72138631,-0.83209517,-0.71198159,-0.7518673,-0.7577196,-0.85311967,-0.76698841,-0.68816064,-0.51992349,0.039406169,0.56032676,0.53835583,0.65688079,0.78748958,0.72404623,0.55578372,0.47633335,0.77381971,1.1196209,-1.4362499,1
3,-0.56708802,-2.5934502,-3.8742297,-4.5840949,-4.1874487,-3.1514617,-1.7429402,-1.4906585,-1.1835803,-0.39422869,-0.28289676,-0.35692576,-0.28729745,-0.3994889,-0.47324409,-0.37904758,-0.39903903,-0.17859449,-0.33952226,-0.49844722,-0.33725108,-0.42547978,-0.42395228,-0.46317045,-0.49325315,-0.54974899,-0.52983109,-0.53093478,-0.5023649,-0.41736768,-0.52634573,-0.47100496,-0.67678428,-0.89861193,-0.61057104,-0.5301643,-0.76567438,-0.58193724,-0.53784761,-0.55638598,-0.43802347,-0.43624802,-0.40011375,-0.13498651,-0.23934677,-0.12024439,-0.0019714041,0.28500048,0.31564573,0.10736401,0.10952148,0.15807843,0.29189779,0.2612945,0.18840714,0.14065136,0.26336542,0.28720706,0.31431725,0.17794238,0.13829008,0.32106868,0.45816774,0.25191615,0.26135293,0.27748753,0.29879325,0.45907535,0.41914662,0.52050892,0.53776119,0.60321071,0.47563399,0.52169287,0.73524831,0.72954106,0.71852334,0.49843316,0.54544098,0.60482668,0.52129639,0.39438062,0.40502023,0.59756305,0.53113004,0.3776509,0.46770093,0.45756933,0.34111609,0.40791318,0.45912699,0.40393661,0.2981912,0.46110053,0.6646591,0.58775722,0.70132474,0.91720459,1.2479873,1.5055679,1.6401054,1.8109878,2.1853978,2.2629849,2.0529202,1.890488,1.793033,1.5647844,1.2346189,0.90030201,0.55195714,0.25822163,-0.128587,-0.092585287,-0.16860627,-0.4959888,-0.39503448,-0.32823831,-0.44813804,-0.26823009,-0.45641485,-0.35786694,-0.31750833,-0.43411223,-0.54920348,-0.32461549,-0.26808235,-0.22038421,-0.11742905,0.61405916,1.2848254,0.88607336,0.5314524,0.31137684,-0.021918959,-0.71368344,-0.53219671,0.32109663,0.90422673,-0.42179659,1
4,0.49047253,-1.9144071,-3.6163638,-4.3188235,-4.2680158,-3.8811104,-2.9932802,-1.6711314,-1.3338845,-0.96562916,-0.18331859,-0.10165662,-0.27387437,-0.12781761,-0.19598345,-0.21352292,-0.17647269,-0.1569316,-0.14917231,-0.18150997,-0.18007406,-0.24615133,-0.27425986,-0.14095962,-0.27744877,-0.38254906,-0.31193709,-0.36009264,-0.40596818,-0.57143343,-0.52410561,-0.53788646,-0.60677754,-0.66144617,-0.68337478,-0.74668256,-0.63566206,-0.62523095,-0.54009375,-0.67499495,-0.65394896,-0.56691641,-0.52404493,-0.41471114,-0.38778691,-0.28443735,-0.07274462,-0.16012546,-0.092159535,0.067164899,0.081472141,0.056181748,0.024692229,0.07439508,0.15288791,0.091033246,0.11015952,0.11727766,0.11383231,0.14180793,0.27149224,0.24974277,0.19760783,0.24393891,0.38653837,0.30001951,0.30980097,0.34466985,0.38970986,0.44285015,0.43342958,0.54871006,0.52503659,0.52197499,0.62395373,0.5491593,0.6691888,0.62992818,0.53957342,0.59928297,0.49785318,0.63809316,0.61173698,0.49190824,0.57394864,0.51624467,0.57262973,0.48459064,0.37438176,0.46177251,0.41466066,0.37163879,0.44516957,0.48416962,0.55606057,0.65872426,0.86115788,1.0163973,1.135606,1.216973,1.5530785,1.772155,2.0007688,1.9250032,1.898426,1.7209525,1.5017111,1.4224917,1.0232255,0.77634127,0.50442626,0.056381865,-0.23316061,-0.40638829,-0.327528,-0.460868,-0.40253556,-0.34575164,-0.35420649,-0.43995884,-0.42532593,-0.43978873,-0.45183526,-0.39592642,-0.44876235,-0.39178907,-0.37630746,-0.46106907,-0.25352442,0.21300588,0.4911732,0.35081636,0.49911056,0.60034499,0.8420694,0.95207354,0.99013318,1.0867984,1.403011,-0.38356426,1
5,0.80023202,-0.87425189,-2.3847613,-3.9732924,-4.3382241,-3.8024222,-2.5345096,-1.7834233,-1.5944504,-0.75319899,-0.29810663,-0.42892797,-0.49135079,-0.36130424,-0.33929554,-0.32495154,-0.29011333,-0.36305106,-0.52568383,-0.59742301,-0.57552317,-0.56750306,-0.50455484,-0.61840616,-0.68281354,-0.74384873,-0.81558784,-0.82690193,-0.78237433,-0.92946196,-0.99967167,-1.0609695,-1.0078773,-1.0287349,-1.1226293,-1.0286499,-1.0465146,-1.0633724,-1.1224228,-0.98324201,-0.85586525,-0.791266,-0.58875425,-0.51830558,-0.39729838,-0.35433285,-0.20742492,-0.088266017,-0.16873361,-0.067592085,-0.032772281,0.071899471,0.081485179,0.067225257,0.13271969,0.070240933,0.10043175,0.15041753,0.10988654,0.14886026,0.20874762,0.22823622,0.27366422,0.29952441,0.32706231,0.24231412,0.38610522,0.41908722,0.43971785,0.48895381,0.54171511,0.57386922,0.63355476,0.41167103,0.44091729,0.5887054,0.53086502,0.55896452,0.60687423,0.61472869,0.53777156,0.59929423,0.64046303,0.56839906,0.54471048,0.55795891,0.53776149,0.47229245,0.46659561,0.63441689,0.42517487,0.42077721,0.44052297,0.36102802,0.35929943,0.32136632,0.42132549,0.50512195,0.67748866,0.90869284,0.98223031,1.1553635,1.3362539,1.6275344,1.7175939,1.6964865,1.7416856,1.674078,1.5469278,1.3317385,1.1101682,0.92221037,0.52177665,0.15485176,-0.1238607,-0.20299778,-0.24795602,-0.21912177,-0.2146952,-0.31921472,-0.19859713,-0.15161786,-0.12959259,-0.074938934,-0.19680704,-0.17479482,-0.20883265,-0.21075375,-0.10048537,0.19744621,0.966606,1.1488838,0.95843425,1.0590254,1.3716823,1.2773918,0.96030393,0.97101956,1.6143924,1.4214563,1
6,-1.5076736,-3.57455,-4.4780109,-4.4082752,-3.3212415,-2.1051715,-1.4810482,-1.3013622,-0.4982396,-0.2869283,-0.39003094,-0.26384158,-0.31802419,-0.18591558,-0.26978996,-0.32224541,-0.30925306,-0.39110135,-0.3032594,-0.31929186,-0.40791759,-0.42157915,-0.48138035,-0.44751848,-0.5248504,-0.46911847,-0.58260667,-0.67903585,-0.65205179,-0.84685281,-0.76668159,-0.73514832,-0.78846458,-0.85127649,-0.83700984,-0.84350094,-0.82704168,-0.87806084,-0.75509458,-0.80992101,-0.67941539,-0.58341796,-0.45742032,-0.37778498,-0.36062856,-0.23172648,-0.2368416,-0.047710649,-0.052632422,-0.074354922,-0.094408878,-0.082684152,0.0067543086,-0.082925194,-0.061498973,0.021666852,-0.04082262,0.038088286,0.04111276,-0.10716567,0.034701332,0.085703804,0.12185632,0.08889131,0.18567768,0.22990726,0.18320411,0.28684534,0.27956195,0.4185915,0.39460935,0.42764032,0.44484387,0.46829876,0.51542459,0.63629527,0.63325173,0.64466005,0.62754545,0.53004067,0.4928233,0.47920823,0.41335998,0.47562381,0.43649354,0.40684174,0.4433003,0.31768387,0.3613207,0.3610005,0.24142577,0.318115,0.3251511,0.47830471,0.47607975,0.5320627,0.79548456,0.9451694,1.104937,1.290653,1.4892172,1.7553005,1.9609181,2.0424366,1.902829,1.9028747,1.7580745,1.425782,1.2102201,0.92839739,0.64126402,0.17552516,-0.10691014,-0.13204268,-0.1658357,-0.098570541,-0.26602195,-0.2372939,-0.13768778,-0.10067464,-0.10749888,-0.2103621,-0.13010391,-0.10763115,-0.16114587,-0.10131627,-0.095255496,-0.069172156,0.15487779,0.69565622,1.2149308,1.0890684,0.98336855,1.0141238,0.9526287,0.749326,1.0070757,1.6349896,1.4933655,-0.78313438,1
7,-0.297161,-2.7666349,-4.1021848,-4.5896691,-4.2193569,-3.6504434,-2.3005176,-1.2939171,-1.0656583,-0.4905204,0.050751439,-0.076647389,-0.094646854,-0.15817964,-0.068691701,-0.14083211,-0.069176949,-0.13427557,-0.059198867,-0.13137923,-0.18120811,-0.21596475,-0.21755404,-0.25406003,-0.33124688,-0.30492329,-0.2737944,-0.34793484,-0.38742898,-0.4040032,-0.42504802,-0.50769997,-0.58216786,-0.53291699,-0.637873,-0.65593804,-0.54965323,-0.68673176,-0.58303665,-0.63651154,-0.62084931,-0.468289,-0.42352427,-0.32470491,-0.26358651,-0.12755785,0.011174656,0.024380947,0.08477279,0.059935601,0.16447101,0.1622137,0.12599133,0.14362743,0.078258906,0.17851919,0.12659749,0.17504434,0.1694566,0.29969735,0.24249451,0.29716945,0.23840226,0.24915624,0.22551958,0.26718444,0.2366261,0.25742585,0.41650766,0.42657605,0.45903586,0.41659532,0.40912708,0.39677707,0.55726867,0.53500713,0.59007557,0.58584409,0.56813068,0.55498601,0.45756205,0.46270393,0.49946994,0.45014046,0.37201043,0.42852068,0.30460405,0.24412519,0.29406742,0.20671765,0.37245704,0.39460372,0.39444908,0.40425396,0.45989803,0.67724204,0.81142429,0.88952757,1.1303855,1.2852143,1.6523744,1.8393372,1.9485002,1.9406907,1.8161016,1.7273154,1.5512273,1.2119247,1.1334151,0.74591889,0.36093266,-0.12851839,-0.39421797,-0.43660141,-0.50647651,-0.4551471,-0.45786634,-0.54529921,-0.50609683,-0.3765287,-0.45780449,-0.49545976,-0.45869326,-0.33281149,-0.41033407,-0.40651848,-0.33723175,-0.38647852,-0.082580102,0.2203161,0.59497827,0.58177878,0.68440603,0.91165083,0.97948323,1.0534584,0.97478703,1.1104073,1.2881654,-0.82338562,1
8,0.44676853,-1.5073974,-3.1874679,-4.5074621,-4.6042007,-3.636115,-2.3116038,-1.5977275,-1.3624498,-0.66921633,-0.17339277,-0.20511622,-0.23078667,-0.17712137,-0.23850955,-0.20507877,-0.23054363,-0.20915931,-0.29293956,-0.25506852,-0.2539899,-0.35197992,-0.42773929,-0.4659477,-0.46028596,-0.4750621,-0.44974621,-0.56228003,-0.532781,-0.63579716,-0.63658771,-0.749548,-0.80678463,-0.69629187,-0.85528234,-0.8962553,-0.90567196,-0.90845622,-0.83008356,-0.83883747,-0.69212508,-0.64576927,-0.48887225,-0.40645909,-0.35637924,-0.22657834,-0.20574481,-0.071802463,-0.066372326,0.0075019777,0.030631739,0.020969858,0.033968155,0.16488977,0.083023926,0.045058956,-0.0047666788,0.12381566,0.10804433,0.073935543,0.11256906,0.055672868,0.12375141,0.22032513,0.23411098,0.32279232,0.21513818,0.33896743,0.33478514,0.32808378,0.51228301,0.49876823,0.60277392,0.65327531,0.68093211,0.72841436,0.68048301,0.6405041,0.6205017,0.65800821,0.71363176,0.6216716,0.48816176,0.45528345,0.42458401,0.50446979,0.42813301,0.45083786,0.44836001,0.38991267,0.39158529,0.34956959,0.41467343,0.47231448,0.56453121,0.73509325,0.79975056,1.1259942,1.1641296,1.2818475,1.5527349,1.6916357,1.8828098,1.760313,1.8258701,1.6193333,1.3949016,1.1327886,0.9283516,0.59884412,0.22924343,-0.1447077,-0.27006863,-0.32319297,-0.34959834,-0.29816321,-0.25184329,-0.29194076,-0.41334591,-0.30745492,-0.33082525,-0.43238918,-0.28993487,-0.32493274,-0.30928759,-0.2525674,-0.28258614,-0.16934497,0.25872903,0.89662717,1.0882033,1.0013058,1.2920592,1.3786665,1.0147645,0.82079301,1.034388,1.2584334,0.96121472,-0.99947589,1
9,0.087630577,-1.7534903,-3.3044731,-4.7046566,-4.6864151,-3.6118167,-2.2672676,-1.570893,-1.4177903,-0.50078809,-0.22517739,-0.30883362,-0.21473324,-0.21450921,-0.22312107,-0.26233599,-0.2118159,-0.29909881,-0.25995633,-0.31610955,-0.25866848,-0.28714668,-0.36685535,-0.30598032,-0.41670806,-0.40230307,-0.3815541,-0.51989677,-0.52095179,-0.59691915,-0.6507003,-0.67963616,-0.75152681,-0.72522391,-0.83070065,-0.80731727,-0.84838836,-0.74455386,-0.69997298,-0.75435259,-0.62191821,-0.53394237,-0.3965959,-0.22089032,-0.17931625,-0.0094803401,-0.024018025,0.041459691,0.094492517,0.083212059,0.099031316,0.045914253,0.10951946,0.168162,0.26346944,0.13610056,0.15883825,0.08980313,0.14660419,0.19676887,0.26898346,0.23726297,0.18635578,0.24141723,0.27842589,0.38315578,0.38957693,0.39354878,0.57738569,0.58774864,0.58188293,0.5449169,0.65788513,0.60177743,0.64273411,0.69906231,0.6801103,0.69863975,0.71617522,0.66862611,0.6718266,0.57504464,0.5292125,0.54333826,0.60328119,0.55471386,0.56362046,0.48903431,0.44695034,0.45643246,0.39325248,0.44143912,0.44738863,0.27405506,0.36460866,0.40121863,0.44788969,0.54780929,0.6420901,0.78832807,0.74980141,0.82085218,0.96416033,1.0618841,1.3408602,1.1378081,0.86401264,0.6839801,0.62842387,0.50113433,0.49129218,0.46193736,0.32981245,0.1204151,-0.14196808,-0.19517724,-0.10265211,-0.076308425,-0.11651106,-0.19168563,-0.23429165,-0.16112658,-0.14536342,-0.21218169,-0.13568405,-0.1334405,-0.17007668,-0.035913592,0.33224263,1.0632505,1.575754,1.7090456,2.1429259,2.393528,1.92555,1.0276237,0.57345293,0.19297149,-0.64868286,-2.4410678,1
10,-0.83228111,-1.7003675,-2.2573013,-2.8536712,-2.8533008,-2.7014866,-2.2857261,-1.555512,-1.2666223,-1.085957,-0.69464057,-0.58851692,-0.66246942,-0.76800441,-0.7725505,-0.62105407,-0.61418665,-0.63012434,-0.66957728,-0.68415362,-0.69294243,-0.61130156,-0.64700697,-0.62136212,-0.6410713,-0.65907019,-0.62097711,-0.67492061,-0.66416383,-0.7369427,-0.76923705,-0.69965708,-0.80030165,-0.72742332,-0.75043487,-0.78906542,-0.73295704,-0.76548658,-0.69708867,-0.76728083,-0.71641729,-0.64584327,-0.57317813,-0.5602558,-0.61643357,-0.61431553,-0.55193907,-0.40993954,-0.46597041,-0.42836411,-0.42283947,-0.3713889,-0.39472419,-0.42201833,-0.35485451,-0.40841286,-0.42534175,-0.38702144,-0.40999646,-0.42726131,-0.38690279,-0.37227239,-0.38801449,-0.32093223,-0.36169826,-0.30421592,-0.2208256,-0.26522743,-0.25316306,-0.17678608,-0.18033685,-0.13543422,-0.10218701,-0.069772168,-0.012025854,0.019392818,0.0023502179,0.025684537,0.10619972,0.060628283,0.14100528,0.098627186,0.10026031,0.1249692,0.13151283,0.15842003,0.10196096,0.16902623,0.19830596,0.16513906,0.19785921,0.11946397,0.24410863,0.36000277,0.46532602,0.5042099,0.55611785,0.68718873,0.82299787,0.92351214,1.0769364,1.1586477,1.1558893,1.1376925,1.0217586,0.91858098,0.83113319,0.68050602,0.54029633,0.46392539,0.13576907,0.040805901,0.055551077,0.018917608,0.1489734,0.39533782,0.77973296,0.94139313,1.0007652,0.9859304,0.97372193,1.0344785,1.0622647,1.0609783,1.1161974,1.2243507,1.4212402,1.6446545,2.0071813,2.1185986,2.0283038,2.1105038,2.2036678,2.2275444,2.1717334,2.0459377,2.1263716,2.1268518,1.6792986,0.96581366,1
11,0.084430128,-3.1903071,-4.686175,-4.5594833,-4.0879723,-2.6188591,-1.7605895,-1.5929641,-0.56911653,-0.1303995,-0.17370458,-0.15454113,-0.11002092,-0.099078691,-0.12750212,-0.15563878,-0.16613496,-0.18039026,-0.11864333,-0.14853266,-0.22084811,-0.21329672,-0.30026262,-0.34072202,-0.41811977,-0.51138155,-0.51300763,-0.60834007,-0.69274586,-0.73708018,-0.76917735,-0.71278713,-0.83424775,-0.81326841,-0.89117252,-0.88461246,-0.79474086,-0.80278306,-0.80424269,-0.76484136,-0.72056788,-0.61615484,-0.52870277,-0.3580067,-0.29460302,-0.24713024,-0.18558663,-0.16121218,-0.15045335,-0.057265099,-0.0071218149,0.018179982,0.045173466,0.086900977,0.025782646,0.082907602,0.067584025,0.13455151,0.25097694,0.22403714,0.2117415,0.14528316,0.2403697,0.27144822,0.19709405,0.35852835,0.45131703,0.40618248,0.54828199,0.51869113,0.55756468,0.61620058,0.55313175,0.59117333,0.61090031,0.53363841,0.51353788,0.6156324,0.47098399,0.45231736,0.4216438,0.48208225,0.37153944,0.38604997,0.39589425,0.38188301,0.32636596,0.34629094,0.22860941,0.2733952,0.32381313,0.23135448,0.24341118,0.30025892,0.23570462,0.21689355,0.26646861,0.28661239,0.55197245,0.7436647,1.1209808,1.2565289,1.3506048,1.5030465,1.9050613,1.977696,1.7310649,1.6800087,1.4572779,1.304503,1.1445094,0.75396576,0.3395384,-0.116375,-0.29537289,-0.24483602,-0.32682085,-0.215118,-0.34200912,-0.41663854,-0.27606039,-0.26073745,-0.23416539,-0.2129201,-0.19000441,-0.19854207,-0.14229553,-0.082819151,-0.073201588,0.0059626656,0.46716454,1.1522791,1.271808,1.190796,1.1807378,1.058195,0.98257725,0.87377195,1.6267069,-0.020783419,1
12,-0.0078191379,-2.3367567,-3.527643,-4.3262444,-3.8904138,-2.9460007,-1.9224567,-1.6705388,-1.3031111,-0.29907967,-0.27366841,-0.27928163,-0.2855121,-0.28919989,-0.29263189,-0.39760935,-0.40128027,-0.44610812,-0.46326401,-0.39617077,-0.31596354,-0.37036618,-0.52714926,-0.58197651,-0.62449313,-0.5527842,-0.62293266,-0.68911027,-0.65794047,-0.76140667,-0.73041856,-0.76516833,-0.85597892,-1.0090543,-1.0606607,-1.0671751,-1.090252,-1.0909388,-1.0669016,-1.0828626,-1.0821855,-0.98674608,-0.9368936,-0.81903706,-0.6858503,-0.6245824,-0.49029342,-0.42600697,-0.36034912,-0.20807361,-0.12508695,-0.18817969,-0.11813875,-0.11355795,-0.14616953,-0.091184183,-0.046443318,-0.0041551965,0.006803061,0.0099330391,-0.019665082,-0.040473591,0.052610775,0.026297585,0.023167188,0.11511491,0.15657944,0.19955413,0.17143918,0.2258537,0.31608261,0.37923683,0.37006024,0.41175447,0.46197749,0.54320326,0.54880024,0.48250766,0.57314352,0.52836526,0.51934147,0.47618857,0.46593179,0.43017034,0.45440471,0.43137952,0.41159179,0.45023345,0.42072954,0.35379033,0.42603056,0.3832093,0.36046275,0.39338516,0.38357026,0.35661533,0.51977247,0.55465908,0.61016699,0.73042397,0.95537319,1.1374762,1.2442845,1.4987644,1.6533845,1.7163956,1.6937524,1.6150577,1.6204593,1.4205859,1.1758989,0.91863064,0.57623684,0.26696355,0.077792235,0.050024788,0.12544997,0.21135015,0.15532258,0.15655616,0.10462987,0.16696775,0.19685621,0.24186926,0.21510645,0.20137985,0.25710179,0.22749674,0.39845371,0.81057843,1.5422583,1.5267386,1.426058,1.5891262,1.5648449,1.3347122,1.1652085,0.95443408,1.470211,0.39306323,1
13,-1.0743015,-3.2593996,-4.1259793,-4.3424462,-3.9225581,-3.1901557,-1.9460608,-1.554774,-1.2963524,-0.56500449,-0.10577056,-0.11813282,-0.16329874,-0.16615776,-0.14780036,-0.13748339,-0.1031855,-0.13264396,-0.097150159,-0.088237275,-0.2129409,-0.23469869,-0.28181156,-0.28953936,-0.32886033,-0.37907232,-0.45602242,-0.39615841,-0.44200544,-0.45891429,-0.52002548,-0.58236633,-0.63331585,-0.70967404,-0.64087024,-0.64152322,-0.63568098,-0.52959221,-0.52781548,-0.4515052,-0.3963212,-0.40267291,-0.29558793,-0.22151419,-0.13692163,-0.038955079,-0.016756396,0.12403993,0.21481016,0.21177552,0.28344253,0.18402967,0.14159571,0.15523323,0.22338072,0.14542889,0.14192719,0.15251023,0.17836236,0.13376138,0.21736044,0.21937523,0.17338218,0.22879701,0.23978375,0.29735952,0.30262429,0.38894263,0.42777253,0.44051275,0.47315826,0.53077965,0.52585974,0.55169954,0.61346969,0.65024299,0.54995,0.5818943,0.5553134,0.47195946,0.48755566,0.4962355,0.46439761,0.40633694,0.37818354,0.37418393,0.39217362,0.3505685,0.40287261,0.38801493,0.25528492,0.28871606,0.35533813,0.40729064,0.58248244,0.55011461,0.7379141,0.93778764,1.153718,1.4648005,1.8358526,2.1568953,2.16781,2.0665876,1.8171367,1.6657929,1.4019038,1.1256864,0.64539177,0.27767517,-0.15344,-0.38774715,-0.44750766,-0.47512055,-0.46610713,-0.46673156,-0.50941984,-0.55514884,-0.47078248,-0.47006473,-0.47874456,-0.44130873,-0.42388426,-0.46550235,-0.42916721,-0.31364066,-0.35887253,-0.22405015,0.16157304,0.77736237,0.85651474,0.93106427,1.1292417,1.0235497,0.76771337,0.61342569,0.69624715,1.176666,1.1316334,-1.0949732,1
14,4.0581274,2.0878442,0.4231153,-2.0588691,-3.2376915,-4.5267529,-3.8361573,-1.9750063,-0.78335306,-0.38103834,0.89943175,1.5067459,1.1748641,1.2346958,1.1736633,1.2208137,1.2611729,1.2908708,1.2858577,1.1378515,0.90326781,0.96899861,0.89832916,0.72589558,0.75098858,0.65091167,0.50533326,0.39965642,0.22806365,0.37147076,0.05259877,0.016930755,-0.29166129,-0.17993871,-0.28575471,-0.52406259,-0.54779474,-0.56231929,-0.59153508,-0.79944254,-0.71204342,-0.64138635,-0.65578025,-0.51877396,-0.40917534,-0.41203873,-0.21307428,0.029181096,0.11180697,0.056617946,0.26037196,0.16303214,0.092609966,0.0079472141,0.068280563,0.21874927,0.32833516,0.36364284,0.21674527,0.18037912,0.20337981,0.040300362,0.27022074,0.15252781,0.2082961,0.32871803,0.10004339,0.34049918,0.27333933,0.39224732,0.37920467,0.4715419,0.42477109,0.4245013,0.59528928,0.47449468,0.62632946,0.50017107,0.49472156,0.42461325,0.50887024,0.4418146,0.36925967,0.28237625,0.27723809,0.26045847,-0.00047767913,-0.027998341,-0.2154715,0.049414319,0.0046144104,-0.20377006,-0.24665436,-0.34642498,-0.088971099,-0.42668836,-0.37817546,-0.22328332,-0.3404631,-0.46756212,-0.26919317,-0.26093301,-0.32823634,-0.26777948,-0.41086656,-0.010632832,0.469535,1.0310432,0.94631964,0.79969563,0.47050645,0.37471716,0.12258893,0.23883239,0.34120839,-0.11777447,-0.55829682,-1.1025884,-1.2562895,-1.1822768,-1.2107513,-0.97311758,-1.2009763,-1.2717045,-1.1749427,-1.0787344,-1.0606461,-1.279274,-1.185413,-0.99547326,-0.8901655,-0.10400893,1.5046435,1.3920341,1.3311414,1.1975315,1.0928611,-0.12932652,-1.0382589,-1.4898633,1
15,-0.76160326,-2.9212433,-3.8943153,-4.384961,-4.0682246,-3.5111043,-2.5328155,-1.6873964,-1.3980988,-0.89928768,-0.53766749,-0.4819763,-0.5333801,-0.52246989,-0.49307977,-0.53051716,-0.44779559,-0.46459623,-0.38506357,-0.48942808,-0.42492148,-0.44130039,-0.37539759,-0.45228681,-0.40672606,-0.41976808,-0.47985054,-0.45911045,-0.45683208,-0.48010485,-0.58779941,-0.57426024,-0.55424721,-0.62051811,-0.5948176,-0.61261337,-0.64766504,-0.56023832,-0.63740623,-0.63460819,-0.51851928,-0.50397191,-0.36189107,-0.29904866,-0.26717888,-0.19419251,-0.19240208,-0.071317489,-0.053523598,-0.029566763,0.047020617,0.0040209855,0.055046918,0.04336091,0.023562547,0.019542722,0.013656264,0.084049077,0.090896122,0.12223264,0.1628499,0.082302086,0.23661865,0.18365295,0.18977741,0.20949712,0.20935465,0.20315573,0.33178146,0.3224094,0.38638533,0.40866058,0.38929727,0.53045532,0.54518428,0.58389835,0.63601033,0.69719605,0.58756363,0.64901772,0.63839173,0.59604228,0.55777869,0.54128097,0.55901731,0.53776883,0.52052714,0.44365812,0.54493639,0.52231248,0.5076893,0.49369375,0.48639967,0.47171256,0.50220469,0.68602434,0.81336346,0.92577458,1.0300284,1.1044336,1.3856685,1.5812144,1.7173166,1.7044098,1.6705234,1.5924119,1.4331079,1.2461458,1.0478742,0.80275863,0.50358214,0.31896599,-0.012007384,-0.042840598,-0.10770912,-0.16100313,-0.20358106,-0.14437556,-0.14597041,-0.20486453,-0.1647142,-0.17971524,-0.17907795,-0.15822417,-0.12270101,-0.10996763,-0.084732804,-0.04736188,0.21757117,0.58297649,1.0009154,1.0731004,1.2425013,1.4495869,1.3797497,1.0681166,0.74606108,0.84904613,1.1621124,-0.38125681,1
16,-0.18649962,-2.6824878,-4.0168823,-4.2181222,-3.8416655,-2.9940593,-1.9739404,-1.6397073,-1.2912067,-0.56676936,-0.32797059,-0.35881305,-0.36747683,-0.26171947,-0.43112527,-0.44179395,-0.3533499,-0.37600121,-0.36462327,-0.38663497,-0.41732614,-0.46416289,-0.46274808,-0.54337028,-0.54589006,-0.54595426,-0.59512355,-0.69263085,-0.6992367,-0.71662131,-0.6611285,-0.76789989,-0.81352439,-0.8734148,-0.9560522,-0.87202803,-0.87619337,-0.81070489,-0.79011728,-0.71594341,-0.59079026,-0.53481418,-0.4767132,-0.37184064,-0.24637294,-0.13094889,-0.12053496,0.014479258,0.011071589,0.0022752286,0.11652929,0.084693509,0.1283251,0.1601575,0.10118565,0.14420806,0.13636224,0.16388596,0.20674542,0.29980544,0.30896572,0.30677655,0.34639645,0.31397849,0.3859669,0.5131817,0.45898087,0.56655463,0.58107131,0.58295677,0.69183783,0.67918912,0.67279958,0.67036759,0.6827621,0.64401916,0.60561895,0.70029255,0.64454818,0.51677329,0.59514554,0.68509769,0.5734656,0.52972662,0.52142569,0.53106979,0.38848935,0.48497031,0.38670994,0.37442045,0.43744564,0.34410178,0.37218879,0.3764674,0.31480166,0.3627134,0.59456603,0.75787651,0.91904515,1.1127328,1.278646,1.3747004,1.7065354,1.8956841,1.8727833,1.7721659,1.6967053,1.3856256,1.2328678,0.9505372,0.57927666,0.2959571,-0.20178549,-0.30348223,-0.38762337,-0.36700021,-0.37480505,-0.47913017,-0.38322503,-0.39308814,-0.46479868,-0.41347572,-0.40945921,-0.46814299,-0.41410923,-0.37715362,-0.33561887,-0.36524952,-0.13930581,0.1456822,0.80874553,0.78128882,0.72518731,1.0682644,1.1297018,0.940981,1.0080436,1.5642571,2.1514756,0.18005396,1
17,0.80393944,-1.1069099,-2.8541073,-3.8986873,-4.1531318,-3.9971558,-3.2908875,-2.1893642,-1.5822713,-1.4197418,-0.77623822,-0.36466834,-0.35131917,-0.28209846,-0.32809502,-0.24445476,-0.27204293,-0.25295563,-0.21698265,-0.29821598,-0.30900757,-0.31775712,-0.37635874,-0.40969467,-0.37896253,-0.43216817,-0.47256245,-0.45051965,-0.47193918,-0.50832158,-0.63612133,-0.57613836,-0.64785973,-0.65471828,-0.66189443,-0.64606584,-0.57512668,-0.58149884,-0.56127511,-0.56830862,-0.45494409,-0.43891843,-0.32415361,-0.21697821,-0.22141165,-0.14777626,-0.063389856,0.022359195,-0.053922652,0.036558661,0.062544658,0.01289971,0.17091905,0.023649326,-0.00090073401,0.046446378,0.068936828,0.022108195,0.094244559,0.085704019,0.1630688,0.16418196,0.13652682,0.1895401,0.24475174,0.34320768,0.2558181,0.31011176,0.3933497,0.34045738,0.47296407,0.55601857,0.63041308,0.6022866,0.53315645,0.59669968,0.76151275,0.60544583,0.73387369,0.69851521,0.67935095,0.61438734,0.59744178,0.5448784,0.52520109,0.52317415,0.48486465,0.49053208,0.45309773,0.37501758,0.37100799,0.48005072,0.42530487,0.50881377,0.68847679,0.83558126,0.9802153,1.1705984,1.3240908,1.5856125,1.7161152,1.9341456,1.9404373,1.8565974,1.7979553,1.6118864,1.4324763,1.1167874,0.86855153,0.48389514,0.10958938,-0.1271405,-0.31815938,-0.3904573,-0.23712713,-0.33023956,-0.36411214,-0.3923664,-0.40263892,-0.35864349,-0.42113622,-0.32743019,-0.38767076,-0.47892311,-0.42738391,-0.33768145,-0.27741627,-0.24917941,0.12690831,0.7574027,0.85381342,0.87943277,1.0265218,1.0746765,0.8469406,0.57368995,0.85798633,1.2024158,0.61324167,-1.6556465,1
18,-0.92021269,-2.4495095,-3.1920276,-3.8751634,-4.1807232,-3.8921772,-3.1562282,-2.0225688,-1.5201389,-1.1702225,-0.59172108,-0.39647627,-0.41005285,-0.44187569,-0.41732916,-0.4230577,-0.31273006,-0.30414413,-0.30352531,-0.34484548,-0.3214973,-0.22451271,-0.3555104,-0.24303292,-0.3110669,-0.39434553,-0.34914971,-0.33717006,-0.425003,-0.33987118,-0.31567764,-0.37498894,-0.37463538,-0.46719398,-0.38971277,-0.33762768,-0.4256848,-0.25257294,-0.34635428,-0.22780434,-0.18190239,-0.17013342,-0.075184146,-0.055117972,0.057978477,-0.030611937,0.093540119,0.10650889,0.18256499,0.17340756,0.15274786,0.17927537,0.12103317,0.16948828,0.10872204,0.16637585,0.1449043,0.20499389,0.19213428,0.11082794,0.16703457,0.14103825,0.17080344,0.22293486,0.26776037,0.31807691,0.26640339,0.32930595,0.37284243,0.36188937,0.42514223,0.53365866,0.4146216,0.53391196,0.51904957,0.53886307,0.59249776,0.53310578,0.54039423,0.64966984,0.61520821,0.52459282,0.46795155,0.52266134,0.53384419,0.50274413,0.49962214,0.38647544,0.38632762,0.49503317,0.42799711,0.40711516,0.47528623,0.49998032,0.69165004,0.84566192,1.0553762,1.1936459,1.2772052,1.4663071,1.6674008,1.9156015,1.9280549,1.8639853,1.8670685,1.6940862,1.4754697,1.3196559,1.0656747,0.89766616,0.67712457,0.24714371,0.049676504,-0.086538702,-0.13490496,-0.17308643,-0.17088711,-0.10809801,-0.16925271,-0.15074175,-0.09864077,-0.095393694,-0.17334648,-0.17934131,-0.20345963,-0.16022208,-0.11141973,-0.03391909,0.27296036,0.80906609,1.4302895,1.3466755,0.99819255,0.23454213,-0.62493364,-1.1341003,-1.2635559,-0.96427199,-0.37083214,-1.0404894,1
19,2.7446026,-0.10192395,-2.8516809,-3.9749087,-3.9954373,-3.7196635,-2.6809699,-1.441639,-1.1668635,-0.65717801,0.19802989,0.32560922,0.24802392,0.21410455,0.2312347,0.15602696,0.18260884,-0.017426684,0.080068624,0.17351764,-0.0054520943,0.08809177,-0.06066651,-0.061423634,-0.23860138,-0.11370367,-0.20938474,-0.28177691,-0.2254406,-0.40003596,-0.34852623,-0.54806559,-0.63013946,-0.59565712,-0.67086368,-0.66044288,-0.67935651,-0.55530684,-0.616194,-0.62244661,-0.46646307,-0.44755099,-0.42212896,-0.42526753,-0.2661539,-0.10979095,-0.090907536,0.040707874,-0.015153917,0.098671804,0.15602186,0.09898997,0.10749287,0.11013242,0.13155461,0.17084545,0.19566172,0.19983166,0.21016696,0.23489276,0.20217599,0.26879019,0.26429342,0.27906444,0.38569496,0.34877103,0.38672994,0.40572022,0.40813245,0.50926479,0.44136309,0.58979889,0.59175812,0.56674437,0.56212416,0.44679032,0.53317478,0.48217058,0.45638518,0.41738415,0.41448074,0.401348,0.30965594,0.2873534,0.25443549,0.24627087,0.19433849,0.12471424,0.20298548,0.11132273,0.19316855,0.10161629,0.12920063,0.2176154,0.28361275,0.41857961,0.58901054,0.83914654,1.0475469,1.2788147,1.5889406,1.9124875,2.1550011,1.9325243,1.7873729,1.7160542,1.3623743,1.0701441,0.68076116,0.4013946,0.092853713,-0.4851557,-0.76519087,-0.81784633,-0.81884361,-0.75210186,-0.8481649,-0.89043512,-0.82548985,-0.78801503,-0.96854557,-0.88286201,-0.77959626,-0.91587261,-0.96062332,-0.8737008,-0.90314839,-0.8208519,-0.49385555,0.21113998,0.5036087,0.45144067,0.80277864,0.88392204,0.8953199,0.84012611,1.3051815,2.1146869,1.5902704,-1.9219276,1
20,2.4028692,2.036719,0.34090237,-1.2864359,-3.3014551,-4.2245689,-3.3983068,-2.0793023,-1.5979055,-1.5279736,-0.075556017,0.15018446,-0.018965012,0.15663253,0.083514438,0.054505576,0.06397801,-0.01048702,-0.074013727,-0.10897484,-0.026492113,-0.23756575,-0.21214982,-0.27712782,-0.37903349,-0.32254435,-0.48713548,-0.65077272,-0.70534842,-0.70664499,-0.92590132,-0.8662099,-0.99841442,-1.126847,-1.3522409,-1.4065604,-1.3555018,-1.457718,-1.4997178,-1.5850003,-1.4679456,-1.372172,-1.3730991,-1.2589068,-1.0889847,-0.92281284,-0.9173121,-0.6498836,-0.57360531,-0.35838517,-0.36869867,-0.32218233,-0.2347721,-0.38168321,-0.22551155,-0.15688768,-0.10989784,-0.045662064,0.057007987,-0.0044050464,0.2453564,0.086985038,0.1154461,0.22758341,0.20257055,0.26671901,0.14088738,0.37303201,0.45446408,0.42525272,0.60888085,0.40595386,0.56530587,0.51118929,0.60684592,0.54951025,0.50974454,0.78727949,0.61515125,0.53754415,0.58858151,0.58357135,0.57533841,0.479062,0.51443781,0.58001535,0.46947286,0.38714849,0.42924352,0.46601572,0.40643673,0.32298924,0.2049005,0.17274564,0.36359224,0.19390179,0.1845098,0.18137323,0.2599665,0.24193444,0.42826528,0.23032876,0.11846871,0.17731718,0.44046951,0.44224902,0.63561819,1.1076544,1.4457986,1.4092977,1.1878451,1.1434059,0.89119047,0.71810525,0.90452113,0.83995397,0.49346968,0.12504912,-0.30902264,-0.32715519,-0.26980512,-0.21065767,-0.22993566,-0.22410193,-0.21592104,-0.23121885,-0.10172133,-0.12929552,0.0073680101,-0.034076312,0.11813815,0.41608709,1.1149831,0.89916395,1.1545248,1.9873284,2.4287317,2.6139868,1.9628195,1.7691982,1
21,-1.3622631,-3.3530235,-3.9756571,-4.2282265,-3.7996727,-3.218119,-2.049291,-1.5296725,-1.2974544,-0.83059008,-0.42436503,-0.47203471,-0.51516888,-0.40258721,-0.43984377,-0.40805466,-0.34322968,-0.38626221,-0.44859756,-0.44478779,-0.46136538,-0.35765502,-0.45114956,-0.45308283,-0.41227691,-0.45107308,-0.3903585,-0.46497817,-0.45665371,-0.61793431,-0.62550533,-0.59844355,-0.67672941,-0.66020892,-0.65055473,-0.62648659,-0.57630822,-0.61395077,-0.54016171,-0.47888403,-0.48626422,-0.4357446,-0.40404034,-0.29283292,-0.17227963,-0.055059062,-0.039811028,-0.021250817,0.021225858,0.032141501,0.0055192555,0.078736856,0.057119396,-0.011383557,0.062648614,0.018703334,0.066690407,0.036431097,0.0673542,0.1152615,0.042019669,0.12611329,0.031845278,-0.0050344263,0.25914945,0.19144553,0.28882797,0.208862,0.27987512,0.28161752,0.3040742,0.36857037,0.36852886,0.48424656,0.45195308,0.53652412,0.44951282,0.508908,0.59790349,0.65801959,0.61776177,0.62312973,0.61290676,0.5606624,0.56296018,0.55307739,0.50082801,0.53918461,0.41686391,0.50496427,0.48994675,0.51285718,0.55113786,0.6061756,0.71442683,0.84235569,0.99378893,1.1099169,1.1483134,1.3754203,1.6109722,1.7430714,1.7895363,1.6545782,1.5758174,1.4343887,1.3748985,1.063426,0.86959095,0.58586802,0.26028238,0.13745371,0.034019054,-0.019212965,0.026099144,-0.078532135,-0.065535432,-0.000060685538,-0.00070388093,-0.10944542,-0.082693936,-0.07276241,-0.02545923,0.018727637,0.0017723386,0.054476173,0.010278866,0.23725283,0.76055281,1.0643457,1.1205282,1.3098261,1.468151,1.2678399,0.87240877,0.63855492,0.91927041,0.71614672,-0.35122193,-2.2346511,1
22,1.9354139,-0.54876161,-2.3433933,-3.3785997,-4.2434162,-4.1082127,-3.044811,-1.6656152,-1.4281689,-1.0200895,-0.11958602,0.19645346,0.11236011,0.136799,0.1831146,0.11482262,0.13970984,0.064160771,-0.076424762,0.11964848,0.047738227,-0.08808512,-0.16747814,-0.087828767,-0.22899225,-0.19830621,-0.21673233,-0.29271651,-0.3773239,-0.4581482,-0.58024211,-0.59794755,-0.55775502,-0.67927402,-0.71476452,-0.6567193,-0.74916196,-0.74145114,-0.77261964,-0.79419029,-0.62048718,-0.52279613,-0.38184607,-0.42528796,-0.46277407,-0.29762258,-0.14937218,-0.089397028,-0.067538487,-0.035564051,0.012312978,0.0079290433,0.046252931,-0.0015729175,0.17067388,0.14817795,0.153269,0.13371903,0.079181531,0.23618725,0.18735324,0.19535187,0.25764088,0.19105036,0.21327837,0.23697164,0.32188255,0.30056747,0.34675211,0.38094928,0.42678163,0.54205084,0.52227832,0.32599425,0.37182427,0.39498241,0.42673111,0.42251283,0.40811466,0.48273231,0.33924359,0.25099616,0.31871522,0.32999429,0.43766247,0.28029477,0.36635703,0.20082264,0.25016819,0.20604908,0.2372067,0.25328282,0.11064083,0.16059341,0.1884015,0.29655201,0.64633559,0.79985963,1.0738657,1.0875983,1.2857696,1.5006405,1.8099441,2.2429331,2.1416854,1.9899798,1.7838311,1.7000464,1.4599993,1.1057346,0.86617063,0.15670857,-0.37163408,-0.51717482,-0.57012049,-0.71142397,-0.64748321,-0.80954028,-0.75343851,-0.76874808,-0.75939516,-0.75445924,-0.68913011,-0.74411385,-0.72209755,-0.77188463,-0.71977463,-0.70657003,-0.56007946,-0.1669868,0.37100183,0.54841757,0.93738971,1.2248676,1.2933998,1.1836717,1.0941214,1.5880921,1.8711056,-1.2487458,1
